id,FoodPriceIndex
99116,91.19540000000005
97687,91.12889999999997
92061,90.88259999999998
95122,90.94790000000005
92296,91.42959999999998
89924,90.74410000000002
90791,91.88749999999999
82350,91.02840000000003
97602,91.05970899999997
86011,89.38450000000005
95311,89.38450000000005
86716,91.42959999999998
93915,81.07599999999998
88089,91.37110000000001
83150,94.91199999999998
91010,91.33540000000005
82826,93.68999999999998
83569,91.01340000000003
89945,91.17010000000003
98472,91.43540000000003
93024,90.60270000000004
83582,91.44140000000004
85341,86.41000000000003
94657,91.44980000000001
83125,91.61489999999996
91541,85.93400000000008
88392,91.32089999999995
98496,91.68340000000003
98474,91.72940000000003
84281,91.32440000000004
97431,85.74600000000008
87301,91.43107400000002
95706,91.33159999999998
82660,91.11159999999998
97921,91.58559999999996
88017,90.91540000000005
95487,91.07510000000003
88709,91.85489999999994
84781,85.09900000000002
88065,90.95610000000002
97232,90.98740000000005
98777,91.18090000000004
92715,91.35180000000003
95039,90.59890000000003
90111,93.73499999999999
96650,91.44340000000004
91612,90.92640000000004
96185,91.59389999999996
91436,89.45190000000004
88186,90.93810000000003
86074,91.23040000000005
97456,91.49210000000002
99865,91.61489999999996
91177,91.02070000000003
86682,91.22859999999997
88399,91.33489999999996
97079,91.29080000000003
90970,81.70299999999996
97537,91.31759999999997
83104,91.20089999999995
83342,91.52449999999997
82451,90.81340000000004
86597,91.10589999999996
99402,91.07659999999998
83041,91.58559999999996
93037,91.02070000000003
82530,94.28900000000002
83291,94.01999999999998
96191,86.186
95241,91.24780000000004
83587,91.69340000000003
92577,91.77449999999997
96917,91.18090000000004
95781,90.88259999999998
91805,91.17010000000003
86250,94.28900000000002
91474,90.65680000000003
94225,81.27599999999997
91654,91.23040000000005
99566,93.68999999999998
96481,91.66380000000001
91125,81.94200000000005
93045,91.06770000000004
99546,91.10589999999996
82312,90.92640000000004
99332,91.06510000000004
98319,91.7118
94541,91.36849999999998
85186,86.35500000000006
97984,91.20089999999995
94635,91.47380000000001
86916,91.93889999999996
86141,91.32440000000004
84545,94.27599999999997
83696,85.8290000000001
91136,85.8290000000001
92572,91.54749999999999
93226,91.18290000000005
83685,81.94200000000005
85031,86.186
82807,91.12889999999997
86532,91.32089999999995
90412,91.24359999999997
99555,91.16489999999996
82197,91.01780000000007
100355,94.70000000000006
95219,91.29080000000003
91851,85.74600000000008
89271,91.25840000000004
92996,85.8290000000001
100031,94.01999999999998
99351,84.91800000000006
100060,91.54849999999999
86824,91.20089999999995
97007,90.89990000000003
95660,90.90359999999998
88707,91.57689999999995
91446,84.88600000000005
94587,91.47579999999999
92140,94.52499999999998
82141,90.79990000000005
93736,91.49210000000002
96945,94.43199999999999
97946,89.93139999999998
85072,91.52889999999996
99082,90.99540000000005
85706,90.84270000000004
88087,91.12910000000002
96077,91.16759999999996
98266,85.82400000000007
83117,91.59289999999996
85751,90.95157400000004
89509,90.79790000000003
90879,91.7118
84892,91.21559999999998
86885,91.59389999999996
90807,91.48649999999998
85764,91.22590000000004
92882,91.44140000000004
89790,91.02840000000003
84081,91.24780000000004
86979,91.12049999999998
93811,91.05970899999997
88269,90.90359999999998
97276,85.81400000000006
81947,91.01170000000002
95720,91.07359999999997
92836,91.2928
96711,91.25840000000004
92726,91.44980000000001
89792,90.98740000000005
91441,90.79990000000005
89150,91.33540000000005
90162,91.05970899999997
96861,89.66830000000003
97162,90.95980000000004
90080,90.90359999999998
99936,91.93889999999996
90576,93.81899999999997
98742,90.91090000000004
90342,91.06689999999998
90389,90.84759999999997
89815,94.30300000000001
83891,90.95157400000004
88327,91.00959999999999
98449,91.01340000000003
92580,91.58049999999997
86222,91.31910000000003
87336,91.68340000000003
97015,80.71800000000003
82069,90.79790000000003
85895,90.85680000000004
96052,91.21559999999998
81981,89.66830000000003
83057,91.16759999999996
93056,93.79800000000003
87970,90.98640000000005
89542,90.94790000000005
97146,91.35880000000006
84776,90.93989999999997
86002,90.95980000000004
84210,91.02840000000003
93472,90.92640000000004
93800,90.90359999999998
95086,91.18290000000005
91940,90.90359999999998
97997,91.59289999999996
82111,91.29290000000005
86752,91.21559999999998
83071,91.05159999999997
82040,91.00390000000003
95684,91.36159999999997
94287,91.57689999999995
92371,91.05159999999997
92357,91.16759999999996
83242,91.49849999999996
99022,90.95980000000004
98160,91.58049999999997
98495,94.70000000000006
87025,95.24599999999997
97531,91.05970899999997
98467,91.69340000000003
92881,91.43107400000002
89949,91.37110000000001
96601,91.43107400000002
93676,93.90300000000003
90700,91.42049999999999
95767,91.00959999999999
90125,94.27599999999997
97937,91.16759999999996
92936,86.45600000000007
91176,91.01537400000002
94846,90.10550000000005
98255,81.911
82379,90.81040000000006
85785,94.43199999999999
95671,91.05970899999997
96920,91.00390000000003
89646,93.85400000000006
97067,90.99880000000005
98557,91.40740000000004
90866,91.44980000000001
89632,91.24180000000004
99781,91.58559999999996
86690,91.26159999999999
86932,91.52889999999996
84156,90.86180000000004
93047,91.01970000000003
86205,90.95610000000002
87290,91.33540000000005
95212,91.24180000000004
88922,91.52449999999997
98306,91.44980000000001
93812,91.07159999999998
90971,90.1467
98565,81.94200000000005
90435,94.67599999999995
100116,90.30590000000002
98532,91.42740000000003
100201,91.66380000000001
82685,94.27599999999997
93669,91.37110000000001
100426,90.10550000000005
83446,93.80400000000002
84546,91.33159999999998
82794,90.73589999999996
96171,91.79689999999995
87992,90.97050900000005
88496,90.93989999999997
92667,91.48649999999998
96387,91.48649999999998
90350,81.05299999999997
97657,91.07689999999997
88966,85.82400000000007
87201,86.41000000000003
90361,85.09900000000002
91661,93.89100000000003
99617,91.10589999999996
96466,93.80400000000002
97692,91.32089999999995
100017,91.77449999999997
84655,90.95689999999996
81865,90.89370000000002
87397,91.40740000000004
97336,84.97600000000007
83220,81.72099999999999
97841,91.21559999999998
89149,91.01340000000003
95672,91.07159999999998
99496,89.57179999999998
82509,91.37110000000001
85752,90.97790000000005
95085,94.43199999999999
83066,89.93139999999998
92797,91.44980000000001
85631,91.23670000000004
89116,91.2928
85140,91.58049999999997
86486,85.01400000000001
97221,90.97050900000005
100066,86.35500000000006
85912,91.24180000000004
98432,91.40740000000004
86497,91.07689999999997
89794,91.23040000000005
84621,90.88259999999998
97985,91.43489999999996
85274,91.03380000000001
94867,90.96670000000002
99547,91.12889999999997
97301,91.32440000000004
84989,91.85489999999994
88734,91.43489999999996
92281,93.64499999999997
99341,89.69000000000001
88862,91.54349999999998
92107,91.12889999999997
90660,81.72099999999999
91952,91.07159999999998
94796,86.45600000000007
84985,91.61489999999996
90280,94.52499999999998
84172,90.92640000000004
94386,91.41589999999995
82445,80.78100000000003
86187,91.07510000000003
93296,89.45190000000004
84964,91.20089999999995
82186,91.01147400000005
82241,85.93400000000008
88730,94.91199999999998
94442,91.54349999999998
98627,91.01970000000003
94021,85.81600000000002
92582,91.54349999999998
93645,90.95610000000002
98377,91.44980000000001
85602,91.23470000000003
94884,90.60270000000004
84566,85.70200000000001
94001,91.29689999999997
94729,91.01340000000003
92605,95.24599999999997
81896,93.79800000000003
92496,91.93889999999996
96147,91.57689999999995
89801,93.89100000000003
100046,91.73049999999998
96542,91.4058
99982,91.49849999999996
96371,91.88749999999999
83816,91.34170000000003
87767,90.99880000000005
94730,91.33540000000005
99152,90.97050900000005
93380,94.37100000000001
84517,91.31759999999997
99177,90.91540000000005
87726,84.88600000000005
83880,90.79790000000003
85461,93.75600000000004
99672,91.17959999999998
97227,91.18140000000005
93295,80.71800000000003
86842,91.84289999999993
93025,90.89370000000002
97255,94.30300000000001
98461,91.43107400000002
90749,91.42049999999999
88550,91.26159999999999
96061,91.58559999999996
99391,91.05970899999997
98780,91.00390000000003
83435,91.51880000000001
98151,91.52449999999997
91797,91.12010000000004
86652,91.17959999999998
91679,90.81040000000006
97472,91.06510000000004
98295,91.35180000000003
94289,91.85489999999994
82199,91.29080000000003
82855,91.12789999999997
100137,91.4158
95621,89.69000000000001
83929,90.79790000000003
100155,91.35180000000003
91647,91.18140000000005
93644,90.74410000000002
89210,91.44340000000004
89936,91.11220900000002
100000,91.42049999999999
98625,91.06770000000004
96455,91.51880000000001
86526,91.10589999999996
94466,91.73049999999998
87146,91.44980000000001
96672,91.42740000000003
86606,91.48089999999996
92177,91.10589999999996
97540,91.11159999999998
88237,91.31759999999997
96836,91.34170000000003
99052,90.92640000000004
97876,91.42959999999998
93760,80.74800000000002
95370,91.02840000000003
86670,91.06559999999998
83616,91.68340000000003
96207,91.55889999999995
96924,91.22590000000004
99119,90.81040000000006
89491,93.90200000000003
93606,89.43260000000005
91751,90.81340000000004
100292,91.40740000000004
86320,80.74800000000002
95832,91.32089999999995
94546,85.82400000000007
92746,93.80400000000002
91964,91.36159999999997
87312,91.43540000000003
95952,91.17959999999998
86636,90.93989999999997
96297,91.77449999999997
98731,84.74100000000006
100204,91.35180000000003
97706,93.68999999999998
88387,91.12889999999997
88751,86.186
83911,93.90200000000003
99552,91.32089999999995
97292,90.97050900000005
99115,94.30300000000001
83231,85.58200000000002
83464,91.35180000000003
88596,85.82700000000003
88667,91.52989999999996
89132,91.40740000000004
83747,91.01970000000003
82844,90.95689999999996
90007,91.11220900000002
86539,91.33489999999996
93450,81.01100000000005
88395,91.16489999999996
98759,90.59890000000003
96329,91.42049999999999
91524,90.85680000000004
91960,91.11159999999998
87622,90.95590000000004
95775,81.07599999999998
98277,91.4158
85955,90.99880000000005
93539,90.81040000000006
94444,91.78949999999998
94176,85.82700000000003
86836,91.55889999999995
87862,90.95980000000004
84151,89.38450000000005
94391,85.58200000000002
82761,90.88259999999998
92591,94.01999999999998
85585,90.89370000000002
98315,91.51880000000001
86157,90.91540000000005
82651,91.05970899999997
100332,91.43540000000003
91495,91.06380000000004
89637,91.01780000000007
85137,91.77449999999997
88576,91.42959999999998
98981,85.93400000000008
85454,91.72940000000003
82700,91.07359999999997
81986,90.84270000000004
100179,91.7118
94896,91.01537400000002
83415,91.35180000000003
96019,91.06559999999998
86391,93.73499999999999
91059,91.33540000000005
87922,90.99540000000005
91027,91.69340000000003
93572,90.97050900000005
91486,91.01147400000005
95465,80.78100000000003
82995,94.67599999999995
93191,90.95157400000004
98961,91.24780000000004
88311,91.45659999999998
83601,93.75600000000004
95471,90.81340000000004
95001,89.66830000000003
96899,90.59890000000003
95815,90.95689999999996
89985,91.11110000000002
89365,91.01170000000002
98876,89.45190000000004
97879,91.06559999999998
82157,90.97080000000005
88280,91.07359999999997
85286,91.44980000000001
86204,90.74410000000002
86061,90.97050900000005
86409,90.90359999999998
97325,80.78100000000003
96036,85.82700000000003
90040,80.74800000000002
100271,90.1467
93417,91.00780000000006
98622,91.23470000000003
91601,85.08700000000007
96590,91.33540000000005
86062,90.99540000000005
92155,91.12789999999997
82592,91.06510000000004
88767,91.55889999999995
99690,91.06559999999998
92144,90.95689999999996
94967,91.01170000000002
86991,91.52449999999997
95875,91.12789999999997
91590,81.01100000000005
98867,90.89990000000003
83461,91.66380000000001
98712,90.95670000000001
83737,91.02070000000003
97586,85.70200000000001
82496,91.11220900000002
90722,91.54349999999998
86535,91.16489999999996
95372,90.98740000000005
91901,89.69000000000001
82974,91.47859999999996
93849,90.90359999999998
92822,91.4058
88441,85.81600000000002
91189,91.27970000000003
89925,90.95610000000002
84427,91.11220900000002
83171,86.186
89770,90.81040000000006
83309,91.42049999999999
95969,90.84759999999997
89639,91.29080000000003
93536,91.19540000000005
82756,89.57179999999998
84686,93.68999999999998
87777,91.01780000000007
94380,81.72099999999999
93824,91.36159999999997
85091,85.58200000000002
85634,90.89370000000002
92141,91.29689999999997
98771,90.95157400000004
100049,91.42049999999999
88397,91.13389999999998
99856,91.55889999999995
91131,91.25840000000004
97896,85.82700000000003
89257,91.40740000000004
86166,89.43260000000005
89505,94.43199999999999
96556,91.2928
95000,80.61300000000003
97222,90.99540000000005
86874,91.43489999999996
89782,90.99540000000005
96794,90.89370000000002
96484,91.35180000000003
87195,91.47380000000001
89167,91.69340000000003
87134,91.03380000000001
90146,85.70200000000001
96136,91.55889999999995
98726,90.84270000000004
99595,91.12789999999997
85616,93.79800000000003
99869,91.85489999999994
81864,90.60270000000004
84675,91.16489999999996
98997,91.00780000000006
95504,90.74410000000002
95106,85.71500000000007
90097,91.31759999999997
99844,91.20089999999995
95835,91.16489999999996
98499,91.33540000000005
81910,94.28
87934,91.23040000000005
96216,91.93889999999996
100215,91.47380000000001
91650,91.02840000000003
84925,81.27599999999997
87956,91.19540000000005
91291,84.74100000000006
93271,91.29290000000005
87909,90.61240000000005
83774,90.89370000000002
87870,81.01100000000005
82354,91.23040000000005
89626,91.01147400000005
98231,91.88749999999999
83151,91.79689999999995
99797,91.16759999999996
93845,94.27599999999997
92117,91.13389999999998
88696,91.55889999999995
86669,90.84759999999997
85081,90.49779999999996
82187,90.99880000000005
89614,90.65680000000003
88575,94.67599999999995
97121,85.93400000000008
86070,91.02840000000003
89350,94.28
87571,84.74100000000006
85227,91.48649999999998
93401,85.93400000000008
86777,91.16759999999996
100237,91.44980000000001
89907,91.07510000000003
92986,90.10550000000005
85447,91.69340000000003
87457,91.02070000000003
84666,91.10589999999996
98247,91.48649999999998
86360,90.90359999999998
91492,91.24180000000004
95177,90.97080000000005
86564,90.95689999999996
84822,91.22859999999997
85299,91.7118
86871,91.79689999999995
82516,93.90300000000003
90439,91.06559999999998
83749,91.27970000000003
86236,93.90300000000003
89276,85.8290000000001
86807,91.52989999999996
98312,91.69079999999998
92761,91.66380000000001
83840,80.61300000000003
97945,81.27599999999997
89110,81.70299999999996
99070,90.81040000000006
91557,91.00780000000006
87599,90.59890000000003
96960,90.96890000000003
88341,90.88259999999998
89442,90.91090000000004
90201,90.88259999999998
98571,91.25840000000004
97072,91.24180000000004
93954,90.73589999999996
89431,84.74100000000006
98935,91.06380000000004
83129,91.85489999999994
97100,94.37100000000001
82296,90.86180000000004
98510,91.44340000000004
97766,91.48089999999996
98307,91.47579999999999
82731,91.45659999999998
88839,91.12049999999998
83032,91.21559999999998
89111,90.1467
94574,91.03380000000001
91957,91.31759999999997
86372,91.07159999999998
93426,91.35880000000006
89836,85.81400000000006
84654,90.73589999999996
98616,91.01537400000002
91785,90.95610000000002
82640,90.90359999999998
99707,91.46759999999995
99236,91.11220900000002
91030,91.48840000000004
84365,91.17010000000003
95302,90.95980000000004
97861,93.64499999999997
87339,91.33540000000005
97646,85.01400000000001
93752,91.06510000000004
90402,91.22859999999997
90032,91.06510000000004
96827,91.01170000000002
96174,91.43489999999996
91165,90.89370000000002
84607,91.00959999999999
99346,90.93810000000003
91302,90.91090000000004
95395,94.30300000000001
87536,91.34170000000003
89830,90.98640000000005
83497,91.44980000000001
82341,90.97050900000005
82576,91.49210000000002
96001,93.64499999999997
91187,91.01970000000003
87427,90.96670000000002
89317,91.02070000000003
91457,90.97080000000005
92626,86.35500000000006
82066,91.18290000000005
83862,90.91090000000004
95051,90.95157400000004
88231,91.05970899999997
95057,91.18090000000004
90712,91.54749999999999
95846,93.68999999999998
84827,91.46759999999995
81911,91.23670000000004
96302,91.54349999999998
99661,85.09900000000002
93510,91.02840000000003
84327,91.07510000000003
92272,91.24359999999997
86825,91.43489999999996
82412,90.97050900000005
83904,91.22590000000004
87381,91.78040000000004
90867,91.47579999999999
88435,91.12789999999997
96401,91.36849999999998
88860,91.58049999999997
91056,91.68340000000003
87976,85.81400000000006
96811,85.56600000000006
88302,91.05970899999997
92250,91.06559999999998
91986,91.33159999999998
93907,91.00959999999999
93507,91.18140000000005
95062,90.95590000000004
83351,91.88749999999999
83686,90.10550000000005
97951,91.05159999999997
96280,91.42049999999999
98654,90.89370000000002
83414,91.03380000000001
95350,90.81040000000006
93937,91.07689999999997
86870,94.91199999999998
90195,81.07599999999998
88621,91.58559999999996
92559,91.12049999999998
98140,91.42049999999999
88491,89.66729999999998
89216,86.45600000000007
97054,90.65680000000003
92316,85.82700000000003
85605,91.06770000000004
84947,91.52989999999996
90511,91.05159999999997
93882,91.05970899999997
87261,85.77100000000004
87226,91.80380000000001
88885,95.24599999999997
88822,91.49849999999996
99756,85.82700000000003
86786,89.93139999999998
82467,91.07510000000003
88530,91.06559999999998
90051,84.91800000000006
99772,91.21559999999998
86561,91.29689999999997
97502,91.0196
95396,91.19540000000005
98344,91.35180000000003
84405,91.11110000000002
84376,93.90300000000003
93667,91.12910000000002
99185,80.78100000000003
86382,91.07659999999998
91962,91.07659999999998
99245,91.17010000000003
95207,90.99880000000005
92620,91.54849999999999
83846,90.84270000000004
88851,91.52449999999997
98261,91.36849999999998
87405,81.94200000000005
91746,89.43260000000005
83531,90.1467
86719,91.06559999999998
92521,90.49779999999996
94934,90.89370000000002
91690,90.98640000000005
94277,91.59289999999996
95742,91.05970899999997
95432,90.97050900000005
100425,81.94200000000005
82840,94.52499999999998
82910,81.05299999999997
93287,90.89990000000003
91351,93.90200000000003
82456,84.97600000000007
97641,90.88259999999998
90591,91.79689999999995
99862,91.84289999999993
82861,85.81600000000002
84771,89.66729999999998
96326,91.73049999999998
94930,94.28
93042,91.23470000000003
86229,91.37110000000001
84150,81.01100000000005
95381,93.89100000000003
98875,80.71800000000003
96767,91.01970000000003
98760,90.79790000000003
82375,94.30300000000001
91337,91.18090000000004
89741,85.08700000000007
86067,91.18140000000005
93151,84.74100000000006
83897,91.18090000000004
94402,91.49849999999996
96170,94.91199999999998
99207,91.07510000000003
91499,91.29080000000003
95620,80.74800000000002
86761,91.58559999999996
94712,91.40740000000004
94486,86.35500000000006
97912,91.21559999999998
95161,90.79990000000005
88731,91.79689999999995
96304,91.78949999999998
85382,91.4058
99400,91.11159999999998
84212,90.98740000000005
95631,84.91800000000006
99256,93.90300000000003
99237,91.12010000000004
87272,91.40740000000004
99191,90.81340000000004
82195,91.06380000000004
87645,94.43199999999999
84667,91.12889999999997
86010,81.01100000000005
95751,91.45659999999998
82192,91.24180000000004
87779,91.29080000000003
97385,91.17010000000003
90711,91.52449999999997
88202,91.0196
93690,94.28900000000002
91582,90.95980000000004
99440,91.07359999999997
100359,91.33540000000005
83127,91.57689999999995
91796,91.11220900000002
87716,89.45190000000004
91126,90.10550000000005
94557,91.4158
95240,94.37100000000001
99845,91.43489999999996
87941,93.89100000000003
87095,81.911
94076,90.93989999999997
93246,85.71500000000007
99961,90.49779999999996
98256,90.30590000000002
98470,91.48840000000004
93866,85.70200000000001
99701,91.21559999999998
98162,91.54349999999998
90562,91.84289999999993
85739,90.59890000000003
87157,91.46880000000002
88886,91.73049999999998
87445,90.89370000000002
94779,91.33540000000005
87181,91.66380000000001
98340,94.84300000000003
96602,91.44140000000004
83879,90.59890000000003
89861,91.32440000000004
89991,85.74600000000008
87302,91.44140000000004
88266,91.33159999999998
88114,90.95610000000002
88977,91.4158
98411,90.1467
84582,91.05970899999997
83065,81.27599999999997
82664,91.36159999999997
86694,91.47859999999996
100020,91.58049999999997
96912,90.97790000000005
91009,91.01340000000003
94311,91.79689999999995
93357,91.01780000000007
89706,91.35880000000006
93359,91.29080000000003
87871,89.38450000000005
85861,90.79990000000005
84677,91.13389999999998
99291,85.74600000000008
86849,91.85489999999994
86405,94.27599999999997
94775,94.70000000000006
96149,91.85489999999994
95156,89.45190000000004
87040,91.54849999999999
97852,91.24359999999997
93347,90.99880000000005
99517,91.07689999999997
93860,91.07359999999997
96156,93.81899999999997
90472,91.21559999999998
83971,91.29290000000005
87511,85.56600000000006
100376,86.45600000000007
83506,91.80380000000001
88561,93.64499999999997
96325,95.24599999999997
81889,91.27970000000003
81914,90.89370000000002
94821,91.78040000000004
84256,85.81400000000006
85789,90.79790000000003
92332,91.21559999999998
84926,89.93139999999998
97137,91.00780000000006
82437,90.91540000000005
97569,90.90359999999998
85441,91.43107400000002
85047,91.55889999999995
91596,90.86180000000004
96681,91.78040000000004
99397,91.31759999999997
100334,91.72940000000003
94992,90.95670000000001
92991,91.25840000000004
98926,91.01147400000005
87350,91.44340000000004
84466,90.93810000000003
97425,91.11110000000002
95040,90.79790000000003
89752,90.92640000000004
89567,90.89990000000003
99247,91.12910000000002
82019,90.59890000000003
95011,84.74100000000006
90187,91.00959999999999
83987,90.89990000000003
88554,91.47859999999996
97699,91.33489999999996
86331,84.91800000000006
92161,85.81600000000002
98897,90.97080000000005
82127,90.89990000000003
85086,91.41589999999995
97026,84.88600000000005
84201,90.97050900000005
100011,91.52449999999997
94511,91.88749999999999
94264,91.20089999999995
98820,90.96890000000003
92022,91.05970899999997
100401,91.78040000000004
92930,91.44340000000004
98016,93.81899999999997
84411,85.74600000000008
96279,91.12049999999998
94285,91.61489999999996
98030,94.91199999999998
98927,90.99880000000005
83439,91.7118
94469,91.42049999999999
87490,94.28
92112,91.32089999999995
96852,90.95670000000001
84142,90.95980000000004
95930,81.05299999999997
100310,91.33540000000005
94752,91.43540000000003
84250,90.98640000000005
83381,91.36849999999998
82819,91.33489999999996
91366,91.18290000000005
92915,94.70000000000006
93007,90.96670000000002
95399,90.81040000000006
96447,91.47579999999999
85760,91.00390000000003
82911,89.66729999999998
88906,86.35500000000006
84297,90.91540000000005
87062,91.52449999999997
91475,90.85680000000004
86475,81.07599999999998
94420,91.42049999999999
85941,91.24780000000004
83187,91.55889999999995
92739,91.7118
99581,91.29689999999997
84084,90.85680000000004
90284,90.95689999999996
85676,91.34170000000003
95476,84.97600000000007
89316,91.01537400000002
83212,91.52889999999996
88994,91.03380000000001
85180,91.54849999999999
93461,85.08700000000007
100270,81.70299999999996
90921,86.41000000000003
94527,91.48649999999998
83707,90.96670000000002
92056,89.57179999999998
91427,90.89990000000003
84035,90.85680000000004
87881,85.08700000000007
92609,91.42049999999999
87649,90.79790000000003
98772,90.97790000000005
89576,89.45190000000004
100126,85.82400000000007
84057,91.01780000000007
83154,91.43489999999996
85287,91.47579999999999
88529,90.84759999999997
85335,91.47380000000001
99069,90.61240000000005
99161,91.32440000000004
91675,94.30300000000001
91164,90.60270000000004
83272,91.54749999999999
85475,94.70000000000006
90666,91.41589999999995
90351,89.66729999999998
90126,91.33159999999998
94951,85.56600000000006
98186,91.73049999999998
83010,91.22959999999998
100262,91.4058
93384,90.85680000000004
92737,91.46880000000002
99186,89.43260000000005
90421,93.64499999999997
85961,85.93400000000008
90104,91.36159999999997
95516,91.11220900000002
89121,85.77100000000004
88697,91.59289999999996
91041,93.75600000000004
84066,93.85400000000006
87166,93.80400000000002
94586,91.44980000000001
86110,90.98640000000005
85391,90.1467
96900,90.79790000000003
84917,91.16759999999996
99274,90.95610000000002
95565,91.11110000000002
92831,90.1467
99735,94.67599999999995
94296,93.81899999999997
89387,91.01170000000002
92387,91.52989999999996
95286,91.35880000000006
94201,91.58559999999996
96232,91.52889999999996
93200,91.00390000000003
86095,94.30300000000001
92887,91.69340000000003
87307,91.69340000000003
95837,91.13389999999998
90815,81.911
92425,91.61489999999996
93395,90.99880000000005
100121,91.36849999999998
85877,90.97080000000005
90246,91.10589999999996
92365,81.27599999999997
87837,91.00780000000006
83375,81.911
95677,91.31759999999997
91369,90.79790000000003
89852,90.97050900000005
90901,91.66380000000001
97077,91.01780000000007
95226,93.85400000000006
100166,91.44980000000001
96635,94.70000000000006
92916,91.68340000000003
85701,89.66830000000003
94837,91.40740000000004
100392,91.42740000000003
96756,91.01537400000002
97830,91.06559999999998
84161,85.08700000000007
89426,90.84270000000004
88026,89.43260000000005
88512,91.17959999999998
87155,91.51880000000001
90252,91.32089999999995
87106,85.82400000000007
95776,89.57179999999998
98002,91.84289999999993
93451,89.38450000000005
99656,90.93989999999997
98605,90.89370000000002
84520,91.11159999999998
92542,91.49849999999996
85986,91.35880000000006
82282,90.95980000000004
82949,90.84759999999997
94217,91.16759999999996
89161,91.43107400000002
83771,91.23670000000004
96612,91.43540000000003
89006,91.44980000000001
88424,90.95689999999996
92119,91.33489999999996
88864,91.78949999999998
97259,90.81040000000006
92299,91.06559999999998
97256,91.19540000000005
90627,91.55889999999995
92526,91.41589999999995
100221,86.41000000000003
84524,91.36159999999997
98034,91.43489999999996
95052,90.97790000000005
89581,90.79990000000005
98164,91.78949999999998
87000,91.58049999999997
89086,91.80380000000001
86715,94.67599999999995
90414,91.47859999999996
98100,81.72099999999999
84616,89.57179999999998
99867,91.57689999999995
82755,81.07599999999998
99580,94.52499999999998
88220,90.90359999999998
88082,91.31910000000003
83087,91.52989999999996
89412,90.95670000000001
88857,91.77449999999997
97414,90.95610000000002
99642,91.06689999999998
95906,91.48089999999996
92732,91.69079999999998
99712,91.24359999999997
92919,91.33540000000005
84126,91.35880000000006
88956,90.30590000000002
85119,91.12049999999998
97720,94.52499999999998
92952,91.42740000000003
87335,94.70000000000006
83481,86.41000000000003
91737,90.91540000000005
89506,91.18290000000005
84626,85.01400000000001
97389,91.37110000000001
93694,90.95610000000002
91344,91.22590000000004
96572,91.40740000000004
90497,91.16759999999996
87775,91.06380000000004
88871,94.01999999999998
92830,81.70299999999996
99736,91.42959999999998
87372,91.42740000000003
93831,93.73499999999999
93711,85.74600000000008
84637,91.07689999999997
96866,90.84270000000004
92606,91.73049999999998
85906,91.01147400000005
93972,91.32089999999995
87184,91.35180000000003
89162,91.44140000000004
91402,90.94790000000005
94070,81.05299999999997
93141,89.66830000000003
82037,91.18090000000004
83892,90.97790000000005
82002,90.91090000000004
94156,91.42959999999998
82652,91.07159999999998
86980,91.42049999999999
99811,91.05159999999997
89055,91.47380000000001
94595,91.51880000000001
86072,90.98740000000005
84511,91.05970899999997
98067,91.55889999999995
91745,80.78100000000003
90505,81.27599999999997
85556,85.8290000000001
96931,93.90200000000003
90652,91.52889999999996
92727,91.47579999999999
81980,80.61300000000003
85235,81.911
93074,90.89370000000002
87310,91.48840000000004
97480,80.74800000000002
91032,91.43540000000003
98687,91.01170000000002
88001,91.32440000000004
91591,89.38450000000005
82330,90.81040000000006
99857,91.59289999999996
82886,91.48089999999996
99130,90.98640000000005
85917,91.01780000000007
94597,91.46880000000002
89661,91.24780000000004
83259,91.12049999999998
95466,89.43260000000005
93162,90.91090000000004
93456,90.86180000000004
92416,91.55889999999995
89769,90.61240000000005
99081,90.97050900000005
88612,91.21559999999998
95217,91.01780000000007
97270,90.98640000000005
84190,90.81040000000006
89877,90.91540000000005
87046,86.35500000000006
82446,89.43260000000005
94905,91.06770000000004
89956,93.90300000000003
95374,91.23040000000005
97171,89.38450000000005
85926,93.85400000000006
92404,91.20089999999995
93140,80.61300000000003
92531,85.58200000000002
90782,91.52449999999997
82020,90.79790000000003
94155,94.67599999999995
95826,91.10589999999996
97580,91.07359999999997
88191,84.91800000000006
97241,93.89100000000003
96096,85.24200000000002
97101,91.24780000000004
99307,91.11220900000002
94347,91.55889999999995
96776,93.79800000000003
96142,91.84289999999993
91652,90.98740000000005
83594,91.72940000000003
87180,94.84300000000003
100024,91.78949999999998
99927,91.55889999999995
83902,90.95590000000004
87617,91.18090000000004
99714,91.47859999999996
95612,91.06510000000004
98101,90.49779999999996
87691,91.29290000000005
84859,91.06559999999998
87289,91.01340000000003
97551,93.73499999999999
89660,94.37100000000001
86096,91.19540000000005
85944,90.85680000000004
94621,91.66380000000001
86962,91.49849999999996
84080,94.37100000000001
92055,81.07599999999998
83996,89.45190000000004
90102,91.07659999999998
97364,90.74410000000002
81991,84.74100000000006
92454,91.43489999999996
83367,91.48649999999998
88031,90.81340000000004
82135,80.71800000000003
85847,90.89990000000003
89520,90.96890000000003
95709,90.90359999999998
100200,94.84300000000003
93846,91.33159999999998
92961,91.78040000000004
88036,84.97600000000007
90746,91.73049999999998
99710,91.26159999999999
87469,91.27970000000003
82044,91.22590000000004
90904,91.35180000000003
93146,90.84270000000004
83282,91.54349999999998
89472,90.97790000000005
81877,91.02070000000003
87755,90.85680000000004
82606,90.93810000000003
98651,91.23670000000004
98587,90.96670000000002
97234,91.23040000000005
90372,91.17959999999998
96145,91.61489999999996
89819,90.81040000000006
82065,94.43199999999999
82689,90.90359999999998
99030,81.01100000000005
85275,91.35180000000003
92869,91.01340000000003
96550,81.70299999999996
92427,91.57689999999995
91185,91.06770000000004
86622,91.06689999999998
89077,91.44980000000001
97209,90.61240000000005
97055,90.85680000000004
89480,91.00390000000003
92560,91.42049999999999
91939,90.68659999999998
87600,90.79790000000003
87876,90.86180000000004
93225,94.43199999999999
100154,91.03380000000001
86546,93.68999999999998
98410,81.70299999999996
98566,90.10550000000005
97801,85.09900000000002
99136,85.81400000000006
98294,91.03380000000001
92094,90.73589999999996
91435,80.71800000000003
82361,93.89100000000003
93335,90.85680000000004
100172,91.69079999999998
84809,90.84759999999997
84221,93.89100000000003
82950,91.06559999999998
83946,85.71500000000007
90390,91.06559999999998
87815,90.99880000000005
97210,90.81040000000006
94247,91.52989999999996
82390,90.98640000000005
90235,90.95689999999996
90140,91.07359999999997
88542,91.22859999999997
90544,91.20089999999995
99285,91.11110000000002
85236,90.30590000000002
86116,85.81400000000006
99101,93.89100000000003
85452,91.43540000000003
98111,85.58200000000002
84357,91.12010000000004
95332,90.92640000000004
90661,90.49779999999996
95981,91.21559999999998
84189,90.61240000000005
91386,85.71500000000007
85940,94.37100000000001
97565,94.27599999999997
97854,91.47859999999996
83076,85.24200000000002
91214,90.89370000000002
87707,90.89990000000003
99094,91.23040000000005
84047,90.99880000000005
84834,91.47859999999996
92584,91.78949999999998
99559,91.33489999999996
85667,91.01170000000002
94856,85.8290000000001
95814,90.73589999999996
85919,91.29080000000003
94231,91.05159999999997
87955,94.30300000000001
97611,91.45659999999998
87930,91.02840000000003
99404,91.36159999999997
96882,90.91090000000004
99087,91.18140000000005
83427,91.47579999999999
95936,90.93989999999997
85762,90.95590000000004
93204,91.22590000000004
87314,91.72940000000003
90410,91.26159999999999
82531,91.34110000000001
84701,91.29689999999997
93597,90.91540000000005
97481,89.69000000000001
84672,91.32089999999995
91900,80.74800000000002
99316,91.49210000000002
92870,91.33540000000005
98851,91.29290000000005
89477,91.18090000000004
84746,91.48089999999996
88490,81.05299999999997
91831,91.34110000000001
83437,91.46880000000002
82291,89.38450000000005
93180,90.79790000000003
94897,91.02070000000003
83376,90.30590000000002
98576,85.8290000000001
95680,91.11159999999998
84235,94.30300000000001
82080,90.96890000000003
98937,91.01780000000007
91721,91.32440000000004
92216,90.93989999999997
93611,90.81340000000004
96757,91.02070000000003
98005,91.61489999999996
98720,80.61300000000003
88579,91.06559999999998
85597,91.02070000000003
92775,91.47380000000001
89371,85.56600000000006
83940,90.96890000000003
89287,90.96670000000002
97066,91.01147400000005
88375,90.95689999999996
86476,89.57179999999998
89044,91.35180000000003
94480,91.54849999999999
84737,91.10589999999996
94004,90.95689999999996
92006,85.70200000000001
82706,85.70200000000001
94431,91.52449999999997
91286,90.84270000000004
99911,86.186
93521,93.89100000000003
98361,86.41000000000003
83926,91.18290000000005
84821,91.21559999999998
82352,90.98740000000005
99651,89.66729999999998
92760,94.84300000000003
84522,91.07659999999998
94641,86.41000000000003
88955,81.911
86687,91.46759999999995
95554,90.95610000000002
84832,91.24359999999997
85692,90.95670000000001
88651,91.05159999999997
88685,91.43489999999996
90594,91.43489999999996
87566,90.84270000000004
86050,90.81040000000006
96526,91.80380000000001
93036,91.01537400000002
94071,89.66729999999998
82806,91.10589999999996
86467,91.00959999999999
83677,91.40740000000004
87927,91.18140000000005
98784,91.22590000000004
86701,93.64499999999997
82545,91.11110000000002
89196,91.68340000000003
91985,94.27599999999997
86641,85.09900000000002
99411,93.73499999999999
84531,93.73499999999999
83851,84.74100000000006
92465,91.59389999999996
85011,91.79689999999995
95206,91.01147400000005
90937,91.44980000000001
98915,90.85680000000004
88076,91.11220900000002
98157,91.77449999999997
87096,90.30590000000002
85412,91.40740000000004
98975,90.99880000000005
91876,91.49210000000002
92901,93.75600000000004
86081,93.89100000000003
88840,91.42049999999999
87846,91.35880000000006
98092,91.52889999999996
89482,90.95590000000004
93306,84.88600000000005
94599,91.7118
96744,90.60270000000004
82662,91.07659999999998
87071,91.88749999999999
90545,91.43489999999996
95321,85.08700000000007
94606,93.80400000000002
99092,90.98740000000005
95060,91.00390000000003
90100,91.11159999999998
94666,91.80380000000001
90092,91.07159999999998
85645,91.01170000000002
95941,85.09900000000002
92262,91.22859999999997
86251,91.34110000000001
88457,91.10589999999996
97230,91.02840000000003
85546,90.10550000000005
85401,85.77100000000004
83397,91.4158
91319,90.59890000000003
89170,91.48840000000004
95864,90.95689999999996
81885,91.06770000000004
84311,90.81340000000004
95990,91.26159999999999
90506,89.93139999999998
90557,91.59289999999996
87737,90.97080000000005
89484,91.22590000000004
97181,85.08700000000007
94845,81.94200000000005
90041,89.69000000000001
82484,90.74410000000002
94081,85.09900000000002
100022,91.54349999999998
91911,84.91800000000006
98200,91.54849999999999
92651,91.88749999999999
95797,91.07689999999997
86296,91.49210000000002
84830,91.26159999999999
92126,93.68999999999998
89325,91.06770000000004
84207,91.18140000000005
96911,90.95157400000004
82902,91.06689999999998
82996,91.42959999999998
87117,91.4158
83305,95.24599999999997
92000,91.07359999999997
83306,91.73049999999998
85855,80.71800000000003
84316,84.97600000000007
100281,85.77100000000004
92232,91.17959999999998
94381,90.49779999999996
86171,90.81340000000004
89351,91.23670000000004
94535,81.911
92735,91.51880000000001
81847,90.96670000000002
93490,90.81040000000006
83785,91.01170000000002
83770,94.28
95551,91.34110000000001
89329,91.27970000000003
91951,91.05970899999997
85297,91.46880000000002
97491,84.91800000000006
88800,81.72099999999999
84987,91.57689999999995
83619,91.33540000000005
86451,91.45659999999998
98076,91.93889999999996
92675,81.911
91845,91.11110000000002
91497,91.01780000000007
98516,86.45600000000007
83386,85.82400000000007
92066,85.01400000000001
83925,94.43199999999999
90731,94.01999999999998
92295,94.67599999999995
86165,80.78100000000003
94701,85.77100000000004
97697,91.13389999999998
98636,93.79800000000003
92047,91.00959999999999
82657,91.31759999999997
83016,85.82700000000003
86560,94.52499999999998
97021,90.79990000000005
98665,91.01170000000002
91756,84.97600000000007
94170,91.22959999999998
82747,91.00959999999999
86032,90.92640000000004
88889,91.42049999999999
88852,91.54749999999999
88125,91.11110000000002
96762,91.23470000000003
89575,80.71800000000003
98629,91.27970000000003
85442,91.44140000000004
88501,85.09900000000002
97790,81.05299999999997
87135,91.35180000000003
86342,91.0196
87456,91.01537400000002
98806,91.18290000000005
96030,91.22959999999998
92977,91.40740000000004
94282,91.84289999999993
92781,86.41000000000003
94747,91.69340000000003
100322,91.44140000000004
94122,91.22859999999997
89181,93.75600000000004
92341,91.58559999999996
98222,91.52449999999997
93556,85.81400000000006
99750,91.22959999999998
83277,91.77449999999997
88244,91.36159999999997
90129,90.90359999999998
82999,91.06559999999998
85450,91.48840000000004
86287,91.11220900000002
99340,80.74800000000002
84202,90.99540000000005
99876,93.81899999999997
88242,91.07659999999998
85102,91.49849999999996
91506,93.85400000000006
82174,90.65680000000003
83592,91.43540000000003
82507,91.12910000000002
94696,91.2928
88646,89.93139999999998
88931,91.88749999999999
95786,85.01400000000001
92890,91.48840000000004
82347,91.18140000000005
89460,90.79790000000003
85607,91.01970000000003
100091,91.88749999999999
97829,90.84759999999997
84792,91.17959999999998
85479,91.33540000000005
82877,91.10589999999996
95529,91.37110000000001
96949,90.79790000000003
90976,91.2928
97741,85.81600000000002
89232,91.42740000000003
89305,90.89370000000002
98914,90.65680000000003
96805,91.01170000000002
95006,90.84270000000004
82502,91.31910000000003
99501,90.88259999999998
95457,90.91540000000005
86016,90.86180000000004
92450,94.91199999999998
91332,90.97790000000005
92985,81.94200000000005
84046,91.01147400000005
98782,90.95590000000004
89421,89.66830000000003
84367,91.12910000000002
84770,81.05299999999997
97791,89.66729999999998
85496,86.45600000000007
99090,91.02840000000003
87026,91.73049999999998
93771,84.91800000000006
93550,90.98640000000005
97519,90.68659999999998
97635,81.07599999999998
93240,90.96890000000003
93489,90.61240000000005
90046,90.93810000000003
83570,91.33540000000005
93799,90.68659999999998
89526,85.71500000000007
89015,91.51880000000001
96015,94.67599999999995
82722,91.05970899999997
88776,91.93889999999996
96745,90.89370000000002
87921,90.97050900000005
97735,91.12789999999997
83791,85.56600000000006
91092,91.42740000000003
85165,95.24599999999997
84704,90.95689999999996
92366,89.93139999999998
93197,91.18090000000004
97850,91.26159999999999
94536,90.30590000000002
96459,91.7118
84452,91.06510000000004
84855,94.67599999999995
92892,91.43540000000003
91520,94.37100000000001
98932,91.24180000000004
88801,90.49779999999996
94754,91.72940000000003
84976,91.55889999999995
98842,90.94790000000005
91281,89.66830000000003
85366,91.80380000000001
89675,90.99880000000005
92115,91.16489999999996
86527,91.12889999999997
97967,91.52989999999996
97387,91.12910000000002
84500,90.90359999999998
91784,90.74410000000002
95361,90.97050900000005
89195,94.70000000000006
100417,91.40740000000004
85025,91.59389999999996
97170,81.01100000000005
100175,91.51880000000001
87242,91.4058
93616,84.97600000000007
98355,91.47380000000001
94682,91.4058
91487,90.99880000000005
99462,91.05970899999997
99894,91.43489999999996
82257,91.00780000000006
91196,93.79800000000003
88219,90.68659999999998
93355,91.06380000000004
86692,91.24359999999997
89007,91.47579999999999
94812,91.42740000000003
87646,91.18290000000005
86575,91.12789999999997
85014,91.43489999999996
89354,90.89370000000002
95155,80.71800000000003
92642,91.52449999999997
85915,91.06380000000004
83165,91.59389999999996
90636,91.93889999999996
99379,90.68659999999998
96292,91.54749999999999
84977,91.59289999999996
92210,81.05299999999997
83636,86.45600000000007
98617,91.02070000000003
99626,91.48089999999996
84721,85.81600000000002
99816,85.24200000000002
96607,91.69340000000003
97566,91.33159999999998
99429,90.90359999999998
88684,91.20089999999995
95691,93.73499999999999
99380,90.90359999999998
85512,91.42740000000003
99036,90.86180000000004
86406,91.33159999999998
83630,91.44340000000004
91809,91.37110000000001
94451,94.01999999999998
87087,91.48649999999998
82175,90.85680000000004
96346,86.35500000000006
90766,86.35500000000006
96137,91.59289999999996
94776,91.68340000000003
87721,90.79990000000005
83196,91.93889999999996
90855,91.35180000000003
95682,91.07659999999998
93977,91.13389999999998
89396,91.34170000000003
98939,91.29080000000003
91076,86.45600000000007
85490,91.44340000000004
87251,90.1467
86992,91.54749999999999
90206,85.01400000000001
89816,91.19540000000005
95147,90.89990000000003
93691,91.34110000000001
98450,91.33540000000005
84996,93.81899999999997
97675,90.95689999999996
93049,91.27970000000003
82396,85.81400000000006
96790,94.28
88702,91.84289999999993
85907,90.99880000000005
83280,91.58049999999997
95195,90.85680000000004
100045,95.24599999999997
83552,91.40740000000004
82795,90.95689999999996
90565,91.61489999999996
89061,86.41000000000003
97086,93.85400000000006
85169,91.42049999999999
92686,85.82400000000007
82841,91.29689999999997
88357,91.07689999999997
97192,90.92640000000004
90401,91.21559999999998
83807,91.01170000000002
95659,90.68659999999998
84006,84.88600000000005
97520,90.90359999999998
85211,91.88749999999999
83841,89.66830000000003
97016,89.45190000000004
91365,94.43199999999999
82051,93.90200000000003
94575,91.35180000000003
84591,91.45659999999998
93891,91.45659999999998
93202,90.95590000000004
88346,85.01400000000001
95860,94.52499999999998
90516,85.24200000000002
84841,93.64499999999997
83221,90.49779999999996
92451,91.79689999999995
87462,91.23470000000003
82921,85.09900000000002
94331,86.186
96517,91.44980000000001
96434,91.03380000000001
97382,91.31910000000003
84482,91.0196
100177,91.46880000000002
92077,91.07689999999997
90821,91.36849999999998
97347,91.07510000000003
84055,91.06380000000004
94761,93.75600000000004
83260,91.42049999999999
99805,81.27599999999997
84549,90.90359999999998
84560,91.07359999999997
89040,94.84300000000003
95064,91.22590000000004
100321,91.43107400000002
84936,85.24200000000002
87159,91.7118
90255,91.16489999999996
84344,90.74410000000002
98402,91.4058
96406,85.82400000000007
88131,85.74600000000008
90257,91.13389999999998
86271,85.74600000000008
93727,91.11220900000002
91272,90.95670000000001
82962,91.22859999999997
85521,91.78040000000004
92211,89.66729999999998
85132,91.54749999999999
89896,84.97600000000007
98946,93.85400000000006
91802,91.31910000000003
99242,91.31910000000003
88232,91.07159999999998
85080,81.72099999999999
94790,91.44340000000004
83962,90.94790000000005
84982,91.84289999999993
90295,91.12789999999997
83661,91.78040000000004
92697,91.4158
90016,91.49210000000002
94419,91.12049999999998
88096,93.90300000000003
90317,91.10589999999996
94062,91.06689999999998
93107,91.01170000000002
93955,90.95689999999996
82235,90.99880000000005
86785,81.27599999999997
85306,93.80400000000002
89327,91.01970000000003
97636,89.57179999999998
95626,90.93810000000003
82206,93.85400000000006
89970,94.28900000000002
97317,90.91540000000005
84394,90.95610000000002
98106,91.41589999999995
97875,94.67599999999995
91320,90.79790000000003
82967,91.46759999999995
86377,91.31759999999997
82961,91.21559999999998
85596,91.01537400000002
94916,93.79800000000003
93822,91.07659999999998
88147,91.11220900000002
91712,90.97050900000005
98481,93.75600000000004
82686,91.33159999999998
86736,85.82700000000003
95367,91.18140000000005
84034,90.65680000000003
95931,89.66729999999998
86420,91.07359999999997
89019,91.7118
89041,91.66380000000001
98791,93.90200000000003
93535,94.30300000000001
93334,90.65680000000003
92676,90.30590000000002
84700,94.52499999999998
81972,90.95670000000001
82567,91.11220900000002
85292,91.69079999999998
90816,90.30590000000002
90234,90.73589999999996
83615,94.70000000000006
92764,91.35180000000003
89102,91.4058
93211,93.90200000000003
90326,91.48089999999996
90854,91.03380000000001
83536,91.2928
88181,89.69000000000001
86216,91.11220900000002
86845,91.61489999999996
98805,94.43199999999999
94015,91.12789999999997
85894,90.65680000000003
95705,94.27599999999997
87552,90.95670000000001
86227,91.12910000000002
82600,80.74800000000002
98386,91.80380000000001
98031,91.79689999999995
94121,91.21559999999998
84499,90.68659999999998
97176,90.86180000000004
90217,91.07689999999997
86021,85.08700000000007
91117,91.40740000000004
88025,80.78100000000003
85651,85.56600000000006
94690,81.70299999999996
93627,91.07510000000003
95987,91.46759999999995
94945,91.01170000000002
90724,91.78949999999998
94976,91.34170000000003
93967,91.12889999999997
87011,94.01999999999998
88156,91.49210000000002
82032,90.97790000000005
95441,91.32440000000004
91211,91.23670000000004
97037,90.97080000000005
82639,90.68659999999998
88251,93.73499999999999
83756,93.79800000000003
86217,91.12010000000004
82485,90.95610000000002
98185,95.24599999999997
86630,81.05299999999997
99425,94.27599999999997
86321,89.69000000000001
87029,91.42049999999999
97326,89.43260000000005
88172,91.06510000000004
83122,91.84289999999993
95416,85.81400000000006
94226,89.93139999999998
88806,91.41589999999995
93070,94.28
96946,91.18290000000005
86254,90.95610000000002
92436,93.81899999999997
93657,91.12010000000004
91892,91.06510000000004
84362,91.31910000000003
90079,90.68659999999998
86941,90.49779999999996
89885,80.78100000000003
92186,91.48089999999996
98964,90.85680000000004
89172,91.43540000000003
85822,90.94790000000005
87101,91.36849999999998
90301,85.81600000000002
90556,91.55889999999995
86681,91.21559999999998
88077,91.12010000000004
90886,93.80400000000002
99890,94.91199999999998
88180,80.74800000000002
95244,90.85680000000004
96636,91.68340000000003
88745,91.59389999999996
94092,91.17959999999998
89730,81.01100000000005
97627,91.00959999999999
85537,91.40740000000004
90450,91.22959999999998
84810,91.06559999999998
91280,80.61300000000003
87406,90.10550000000005
85324,91.35180000000003
82534,90.95610000000002
93442,90.95980000000004
86326,90.93810000000003
98462,91.44140000000004
96016,91.42959999999998
89199,91.33540000000005
93705,91.11110000000002
85567,90.96670000000002
88047,91.07510000000003
91182,91.23470000000003
82136,89.45190000000004
83226,91.41589999999995
90992,91.40740000000004
92405,91.43489999999996
87002,91.54349999999998
90962,91.4058
99446,85.70200000000001
89586,84.88600000000005
87804,90.85680000000004
83742,91.23470000000003
96435,91.35180000000003
82815,91.16489999999996
89012,91.69079999999998
81956,91.34170000000003
100431,91.25840000000004
95194,90.65680000000003
85711,84.74100000000006
88420,94.52499999999998
89942,91.31910000000003
85295,91.51880000000001
93921,90.88259999999998
94851,91.25840000000004
95089,90.79790000000003
91342,90.95590000000004
83691,91.25840000000004
84931,91.05159999999997
87444,90.60270000000004
91380,90.96890000000003
84762,91.06689999999998
88265,94.27599999999997
84305,80.78100000000003
100327,91.69340000000003
87321,93.75600000000004
87682,90.94790000000005
86796,85.24200000000002
96860,80.61300000000003
84306,89.43260000000005
96589,91.01340000000003
84101,85.93400000000008
93071,91.23670000000004
97532,91.07159999999998
87465,91.06770000000004
99952,91.52889999999996
100186,93.80400000000002
98721,89.66830000000003
87356,86.45600000000007
97411,91.34110000000001
91331,90.95157400000004
95596,91.49210000000002
86384,91.36159999999997
99535,90.95689999999996
96395,81.911
93662,91.31910000000003
92106,91.10589999999996
92487,91.55889999999995
96240,81.72099999999999
88547,91.46759999999995
98206,86.35500000000006
97075,91.06380000000004
95970,91.06559999999998
82146,84.88600000000005
85131,91.52449999999997
87152,91.69079999999998
99534,90.73589999999996
89304,90.60270000000004
83995,80.71800000000003
83105,91.43489999999996
88716,93.81899999999997
99960,81.72099999999999
97396,93.90300000000003
82031,90.95157400000004
89471,90.95157400000004
93262,90.94790000000005
83541,85.77100000000004
91411,91.29290000000005
89664,90.85680000000004
93352,91.24180000000004
99392,91.07159999999998
96457,91.46880000000002
99601,85.81600000000002
100341,93.75600000000004
84390,94.28900000000002
85800,90.96890000000003
88421,91.29689999999997
95982,91.22859999999997
88590,91.22959999999998
98171,94.01999999999998
96791,91.23670000000004
88637,91.16759999999996
85609,91.27970000000003
99249,91.37110000000001
94037,91.10589999999996
100436,85.8290000000001
84460,80.74800000000002
91566,91.35880000000006
90745,95.24599999999997
95166,84.88600000000005
95994,91.47859999999996
92894,91.72940000000003
82421,91.32440000000004
82221,91.24780000000004
95525,91.17010000000003
96086,89.93139999999998
93782,91.0196
89736,90.86180000000004
85151,94.01999999999998
93116,91.34170000000003
89731,89.38450000000005
99031,89.38450000000005
82601,89.69000000000001
95881,85.81600000000002
94440,91.58049999999997
87505,91.01170000000002
100012,91.54749999999999
95410,90.98640000000005
82972,91.24359999999997
97447,91.11220900000002
99702,91.22859999999997
85257,91.4158
89787,91.18140000000005
82505,91.17010000000003
94356,91.93889999999996
90527,91.52989999999996
98541,91.78040000000004
87772,91.24180000000004
97890,91.22959999999998
92270,91.26159999999999
97544,91.36159999999997
93229,90.79790000000003
94276,91.55889999999995
82376,91.19540000000005
93179,90.59890000000003
96452,91.69079999999998
92714,91.03380000000001
96495,91.47380000000001
93979,91.33489999999996
83522,91.4058
89627,90.99880000000005
93581,91.32440000000004
83652,91.42740000000003
96446,91.44980000000001
87660,90.96890000000003
85390,81.70299999999996
91642,90.99540000000005
91629,90.61240000000005
83590,91.48840000000004
85142,91.54349999999998
89615,90.85680000000004
91641,90.97050900000005
89781,90.97050900000005
94132,91.24359999999997
91922,91.0196
86442,91.05970899999997
83475,91.47380000000001
83426,91.44980000000001
84052,91.24180000000004
90760,91.54849999999999
84214,91.23040000000005
89597,90.97080000000005
95255,90.99880000000005
88335,81.07599999999998
87631,93.90200000000003
90247,91.12889999999997
87892,90.92640000000004
86514,90.73589999999996
91696,85.81400000000006
87256,91.2928
83460,94.84300000000003
90872,91.69079999999998
86837,91.59289999999996
84059,91.29080000000003
97410,94.28900000000002
82301,85.08700000000007
95022,90.91090000000004
99721,93.64499999999997
94432,91.54749999999999
91231,85.56600000000006
92376,85.24200000000002
95215,91.06380000000004
87786,93.85400000000006
90171,91.45659999999998
82611,84.91800000000006
81876,91.01537400000002
95550,94.28900000000002
97115,90.99880000000005
87910,90.81040000000006
93317,90.97080000000005
82817,91.13389999999998
91147,90.96670000000002
87754,90.65680000000003
87611,90.95157400000004
97796,90.93989999999997
89974,90.95610000000002
92249,90.84759999999997
99271,91.34110000000001
99495,81.07599999999998
83136,93.81899999999997
88995,91.35180000000003
96417,91.4158
94127,91.46759999999995
92310,91.22959999999998
90877,91.46880000000002
82766,85.01400000000001
86312,91.06510000000004
95310,81.01100000000005
87561,89.66830000000003
87147,91.47579999999999
92471,86.186
100276,91.2928
95316,90.86180000000004
97956,85.24200000000002
90717,91.77449999999997
88792,91.52889999999996
82497,91.12010000000004
97542,91.07659999999998
85476,91.68340000000003
87560,80.61300000000003
81882,91.23470000000003
91247,91.01170000000002
91022,91.44140000000004
85144,91.78949999999998
94046,91.48089999999996
84512,91.07159999999998
90671,85.58200000000002
89241,91.78040000000004
95726,85.70200000000001
95839,91.33489999999996
96291,91.52449999999997
82981,93.64499999999997
94437,91.77449999999997
90356,90.93989999999997
84901,91.58559999999996
99827,91.52989999999996
98009,91.85489999999994
100082,91.52449999999997
81925,91.01170000000002
98809,90.79790000000003
93301,90.79990000000005
96091,91.05159999999997
90605,91.59389999999996
85757,91.18090000000004
93656,91.11220900000002
99426,91.33159999999998
88541,91.21559999999998
83832,90.95670000000001
85630,94.28
89322,91.23470000000003
98960,94.37100000000001
99557,91.13389999999998
84965,91.43489999999996
90259,91.33489999999996
93820,91.11159999999998
85120,91.42049999999999
91830,94.28900000000002
96727,90.96670000000002
96124,91.20089999999995
86997,91.77449999999997
99006,91.35880000000006
87491,91.23670000000004
92429,91.85489999999994
93766,90.93810000000003
92221,85.09900000000002
82622,91.0196
87416,85.8290000000001
86730,91.22959999999998
98886,84.88600000000005
94750,91.48840000000004
97365,90.95610000000002
90091,91.05970899999997
86371,91.05970899999997
99689,90.84759999999997
89459,90.59890000000003
89265,81.94200000000005
83320,91.54849999999999
96300,91.58049999999997
82220,94.37100000000001
96705,81.94200000000005
87527,91.01170000000002
95517,91.12010000000004
95536,93.90300000000003
91070,91.44340000000004
94325,91.59389999999996
86631,89.66729999999998
85786,91.18290000000005
100356,91.68340000000003
92031,91.45659999999998
92512,91.52889999999996
88240,91.11159999999998
97721,91.29689999999997
89026,93.80400000000002
94134,91.47859999999996
91906,90.93810000000003
97674,90.73589999999996
96262,91.49849999999996
97686,91.10589999999996
87250,81.70299999999996
90875,91.51880000000001
84615,81.07599999999998
87494,90.89370000000002
99487,91.00959999999999
99584,90.95689999999996
98826,85.71500000000007
94624,91.35180000000003
82266,91.35880000000006
95100,90.96890000000003
85831,91.29290000000005
86847,91.57689999999995
99806,89.93139999999998
100246,91.80380000000001
82290,81.01100000000005
95897,91.10589999999996
90900,94.84300000000003
92520,81.72099999999999
88085,91.17010000000003
87620,91.00390000000003
90699,91.12049999999998
82086,85.71500000000007
88336,89.57179999999998
87932,90.98740000000005
92417,91.59289999999996
99225,90.95610000000002
93381,91.24780000000004
85866,84.88600000000005
90837,91.4158
85430,91.33540000000005
94592,91.69079999999998
85977,91.00780000000006
97782,91.06689999999998
84239,90.81040000000006
85771,93.90200000000003
90456,85.82700000000003
84461,89.69000000000001
100330,91.48840000000004
91101,91.78040000000004
90062,91.0196
87582,90.91090000000004
92422,91.84289999999993
93916,89.57179999999998
92571,91.52449999999997
83725,90.89370000000002
98881,90.79990000000005
92095,90.95689999999996
87715,80.71800000000003
95922,91.06689999999998
93514,91.23040000000005
89266,90.10550000000005
86176,84.97600000000007
94110,91.06559999999998
96621,93.75600000000004
99471,91.45659999999998
99196,84.97600000000007
97847,91.46759999999995
98416,91.2928
94907,91.01970000000003
99041,85.08700000000007
93817,91.31759999999997
91340,91.00390000000003
82551,85.74600000000008
96362,91.52449999999997
90682,91.49849999999996
100370,91.44340000000004
96125,91.43489999999996
88286,85.70200000000001
86132,90.97050900000005
87821,85.93400000000008
86856,93.81899999999997
98341,91.66380000000001
88961,91.36849999999998
93975,91.16489999999996
98421,85.77100000000004
96614,91.72940000000003
85740,90.79790000000003
83326,86.35500000000006
84017,90.97080000000005
83284,91.78949999999998
87467,91.01970000000003
97377,91.12010000000004
82932,91.17959999999998
83271,91.52449999999997
90720,91.58049999999997
87801,91.24780000000004
89420,80.61300000000003
91807,91.12910000000002
96706,90.10550000000005
94159,91.06559999999998
84391,91.34110000000001
84471,84.91800000000006
98604,90.60270000000004
100115,81.911
95131,91.29290000000005
85856,89.45190000000004
95277,91.00780000000006
84272,90.97050900000005
81887,91.01970000000003
96311,94.01999999999998
84369,91.37110000000001
95527,91.12910000000002
95992,91.24359999999997
89971,91.34110000000001
90915,91.47380000000001
85056,91.93889999999996
83900,91.00390000000003
98696,91.34170000000003
85396,91.2928
85246,85.82400000000007
91535,90.99880000000005
100167,91.47579999999999
98650,94.28
82812,91.32089999999995
91256,91.34170000000003
88645,81.27599999999997
97695,91.16489999999996
99362,91.0196
85202,91.52449999999997
95349,90.61240000000005
92261,91.21559999999998
97996,91.55889999999995
93605,80.78100000000003
85429,91.01340000000003
85166,91.73049999999998
99650,81.05299999999997
96765,91.06770000000004
83530,81.70299999999996
94314,91.43489999999996
84876,85.82700000000003
94931,91.23670000000004
94902,91.23470000000003
82970,91.26159999999999
84715,91.12789999999997
83724,90.60270000000004
86951,85.58200000000002
90946,91.80380000000001
84117,91.00780000000006
84001,90.79990000000005
89722,90.95980000000004
97376,91.11220900000002
92681,91.36849999999998
92202,91.06689999999998
84679,91.33489999999996
86265,91.11110000000002
88900,91.54849999999999
96656,86.45600000000007
88552,91.24359999999997
87411,91.25840000000004
86581,85.81600000000002
98317,91.46880000000002
93665,91.17010000000003
94265,91.43489999999996
94909,91.27970000000003
98326,93.80400000000002
81931,85.56600000000006
94141,93.64499999999997
96561,85.77100000000004
98122,91.49849999999996
99506,85.01400000000001
94310,94.91199999999998
94192,91.21559999999998
89551,91.29290000000005
98051,86.186
96966,85.71500000000007
93761,89.69000000000001
100107,91.48649999999998
86515,90.95689999999996
90266,93.68999999999998
85806,85.71500000000007
97486,90.93810000000003
90281,91.29689999999997
91225,91.01170000000002
88111,91.34110000000001
93192,90.97790000000005
90826,85.82400000000007
87959,90.81040000000006
86426,85.70200000000001
95522,91.31910000000003
86791,91.05159999999997
86099,90.81040000000006
96991,91.29290000000005
95261,85.93400000000008
91021,91.43107400000002
91989,90.90359999999998
97757,91.10589999999996
96769,91.27970000000003
96396,90.30590000000002
83745,91.06770000000004
82329,90.61240000000005
96610,91.48840000000004
87004,91.78949999999998
85357,91.44980000000001
94620,94.84300000000003
94465,95.24599999999997
92852,91.40740000000004
91834,90.95610000000002
96107,91.52989999999996
85241,91.36849999999998
98045,91.59389999999996
96871,84.74100000000006
98189,91.42049999999999
86946,91.41589999999995
90407,91.46759999999995
84095,90.99880000000005
92841,85.77100000000004
82777,91.07689999999997
98152,91.54749999999999
86940,81.72099999999999
89017,91.46880000000002
96501,86.41000000000003
95571,85.74600000000008
90436,91.42959999999998
94109,90.84759999999997
90196,89.57179999999998
94885,90.89370000000002
88656,85.24200000000002
89336,93.79800000000003
83116,91.55889999999995
85545,81.94200000000005
88811,85.58200000000002
93966,91.10589999999996
91521,91.24780000000004
84870,91.22959999999998
85320,94.84300000000003
84236,91.19540000000005
85551,91.25840000000004
84356,91.11220900000002
85010,94.91199999999998
93501,90.97050900000005
86225,91.17010000000003
85584,90.60270000000004
95827,91.12889999999997
90567,91.57689999999995
99891,91.79689999999995
92267,91.46759999999995
87666,85.71500000000007
99270,94.28900000000002
93926,85.01400000000001
88386,91.10589999999996
90569,91.85489999999994
94742,91.44140000000004
88374,90.73589999999996
90481,91.58559999999996
86907,91.55889999999995
96251,85.58200000000002
94236,85.24200000000002
93986,93.68999999999998
93512,90.98740000000005
94372,91.52889999999996
91055,94.70000000000006
87800,94.37100000000001
99999,91.12049999999998
83432,91.69079999999998
98139,91.12049999999998
85722,90.91090000000004
97812,91.17959999999998
95642,91.0196
95071,93.90200000000003
97331,90.81340000000004
87624,91.22590000000004
89947,91.12910000000002
98007,91.57689999999995
91210,94.28
96639,91.33540000000005
89891,90.81340000000004
82224,90.85680000000004
88466,91.48089999999996
91816,93.90300000000003
87217,91.44980000000001
98671,85.56600000000006
86380,91.11159999999998
93132,90.95670000000001
86537,91.13389999999998
94691,90.1467
91971,93.73499999999999
93346,91.01147400000005
86049,90.61240000000005
92274,91.47859999999996
96716,85.8290000000001
99224,90.74410000000002
89886,89.43260000000005
91034,91.72940000000003
97104,90.85680000000004
99739,91.06559999999998
96982,90.94790000000005
99905,91.59389999999996
94000,94.52499999999998
97724,90.95689999999996
86359,90.68659999999998
90611,86.186
96241,90.49779999999996
95587,91.11220900000002
94502,91.52449999999997
96697,91.40740000000004
91676,91.19540000000005
88482,91.06689999999998
95861,91.29689999999997
94130,91.26159999999999
92806,91.80380000000001
91630,90.81040000000006
100309,91.01340000000003
83581,91.43107400000002
99971,85.58200000000002
89174,91.72940000000003
84856,91.42959999999998
82042,90.95590000000004
91867,91.11220900000002
95505,90.95610000000002
82102,90.94790000000005
89697,91.00780000000006
88110,94.28900000000002
89937,91.12010000000004
93091,85.56600000000006
88705,91.61489999999996
94741,91.43107400000002
87766,91.01147400000005
88947,91.48649999999998
82916,90.93989999999997
82342,90.99540000000005
96480,94.84300000000003
85700,80.61300000000003
97842,91.22859999999997
95362,90.99540000000005
96340,91.54849999999999
86481,90.88259999999998
96551,90.1467
86891,86.186
88406,93.68999999999998
85321,91.66380000000001
84345,90.95610000000002
87612,90.97790000000005
93085,91.01170000000002
88064,90.74410000000002
82671,93.73499999999999
83736,91.01537400000002
91767,91.07510000000003
89635,91.06380000000004
90590,94.91199999999998
96085,81.27599999999997
96246,91.41589999999995
84436,91.49210000000002
99966,91.41589999999995
90981,85.77100000000004
96922,90.95590000000004
93502,90.99540000000005
87476,93.79800000000003
93366,93.85400000000006
89681,85.93400000000008
